"state","district","party","gender","nameid","icpsr.id","missingVotes","idealPoint","lo","up","label","indx","firstnm","lastnm"
"IL","9","D","F","S001145","29911",24,-2.34804889930455,-2.76863450339739,-1.97129067458793,"Schakowsky (D IL-9)",1,"Jan","Schakowsky"
"WI","2","D","M","P000607", ,9,-2.25814076521528,-2.63700527269959,-1.8904431338691,"Pocan (D WI-2)",2,"Mark","Pocan"
"MA","2","D","M","M000312","29729",23,-2.01250241188698,-2.33894650222659,-1.71975803625727,"McGovern (D MA-2)",3,"Jim","McGovern"
"NY","10","D","M","N000002","29377",33,-2.00454670903201,-2.2955283612951,-1.70170733992051,"Nadler (D NY-10)",4,"Jerrold","Nadler"
"MD","4","D","F","E000290", ,42,-1.83370800668704,-2.10200152531116,-1.5784508578892,"Edwards (D MD-4)",5,"Donna","Edwards"
"CA","13","D","F","L000551","29778",42,-1.75634443247434,-2.01829042321367,-1.499356791382,"Lee (D CA-13)",6,"Barbara","Lee"
"CA","34","D","M","B000287","29316",44,-1.75595420509478,-2.02438625053722,-1.47511703013078,"Becerra (D CA-34)",7,"Xavier","Becerra"
"CA","27","D","F","C001080", ,51,-1.71781328924794,-2.00867982676501,-1.43187502704614,"Chu (D CA-27)",8,"Judy","Chu"
"NJ","12","D","M","H001032","29923",148,-1.69346263812916,-1.96039392631268,-1.41561883550239,"Holt (D NJ-12)",9,"Rush","Holt"
"WA","7","D","M","M000404","15613",33,-1.68201855483583,-1.93521460069712,-1.44261497572883,"McDermott (D WA-7)",10,"Jim","McDermott"
"NY","15","D","M","S000248","29134",25,-1.67768466076381,-1.92759624792874,-1.44242472090272,"Serrano (D NY-15)",11,"José","Serrano"
"CA","37","D","F","B001270", ,136,-1.65036210844498,-1.93923680668457,-1.40671595860049,"Bass (D CA-37)",12,"Karen","Bass"
"NJ","6","D","M","P000034","15454",87,-1.62552732735177,-1.89013215419164,-1.39078606800239,"Pallone (D NJ-6)",13,"Frank","Pallone"
"MA","5","D","F","C001101","",656,-1.60718091630537,-1.94760103659048,-1.24831042453256,"Clark (D MA-5)",14,"Katherine","Clark"
"NY","9","D","F","C001067","20733",57,-1.60366258735877,-1.82693203569464,-1.35873804473451,"Clarke (D NY-9)",15,"Yvette","Clarke"
"CA","47","D","M","L000579", ,14,-1.57305721068684,-1.80253401614737,-1.35192893847166,"Lowenthal (D CA-47)",16,"Alan","Lowenthal"
"CA","17","D","M","H001034","20103",93,-1.55571129885435,-1.77911734303868,-1.33630973278124,"Honda (D CA-17)",17,"Michael","Honda"
"NY","7","D","F","V000081","29378",58,-1.54288473181339,-1.76717385745643,-1.32516569325163,"Velázquez (D NY-7)",18,"Nydia","Velázquez"
"MI","13","D","M","C000714","10713",52,-1.53137259803303,-1.74749037592928,-1.30491213435362,"Conyers Jr. (D MI-13)",19,"John","Conyers Jr."
"GA","5","D","M","L000287","15431",153,-1.5221862356143,-1.74749824081701,-1.29761567412825,"Lewis (D GA-5)",20,"John","Lewis"
"MA","","D","M","M000133","14435",950,-1.50421570209986,-1.88983212158578,-1.13372307277486,"Markey (D MA-)",21,"Edward","Markey"
"CA","40","D","F","R000486","29317",33,-1.501132512246,-1.7442591646663,-1.31011537115542,"Roybal-Allard (D CA-40)",22,"Lucille","Roybal-Allard"
"MN","5","D","M","E000288","20727",51,-1.49090767383772,-1.71744487114497,-1.29208931685709,"Ellison (D MN-5)",23,"Keith","Ellison"
"MD","3","D","M","S001168","20724",34,-1.46034330796178,-1.67592026027479,-1.24652632025496,"Sarbanes (D MD-3)",24,"John","Sarbanes"
"NJ","10","D","M","P000604", ,43,-1.40735924047614,-1.61160591918123,-1.20525921496716,"Payne Jr. (D NJ-10)",25,"Donald","Payne Jr."
"CA","12","D","F","P000197","15448",111,-1.40034743572913,-1.6161678549967,-1.20905440266607,"Pelosi (D CA-12)",26,"Nancy","Pelosi"
"WI","4","D","F","M001160","20537",44,-1.40030615558735,-1.60652485760734,-1.20203643983775,"Moore (D WI-4)",27,"Gwen","Moore"
"MD","7","D","M","C000984","29587",32,-1.39536233045931,-1.61866022118171,-1.20188230046404,"Cummings (D MD-7)",28,"Elijah","Cummings"
"FL","24","D","F","W000808", ,30,-1.39352984203102,-1.5853785723736,-1.19087042474914,"Wilson (D FL-24)",29,"Frederica","Wilson"
"CA","20","D","M","F000030","29313",46,-1.39271390736504,-1.58630480034173,-1.19248172859872,"Farr (D CA-20)",30,"Sam","Farr"
"NY","8","D","M","J000294", ,32,-1.38078690222091,-1.59106490572808,-1.20684716335731,"Jeffries (D NY-8)",31,"Hakeem","Jeffries"
"FL","20","D","M","H000324","29337",109,-1.37865421007879,-1.57673687064809,-1.19108535681751,"Hastings (D FL-20)",32,"Alcee","Hastings"
"CA","33","D","M","W000215","14280",77,-1.37171923105699,-1.57494299028625,-1.18273565254929,"Waxman (D CA-33)",33,"Henry","Waxman"
"ME","1","D","F","P000597", ,39,-1.36759604246097,-1.55222308169936,-1.1794923049477,"Pingree (D ME-1)",34,"Chellie","Pingree"
"CA","32","D","F","N000179","29903",46,-1.35708816711696,-1.54008881192688,-1.14994075812763,"Napolitano (D CA-32)",35,"Grace","Napolitano"
"CA","38","D","F","S001156","20310",29,-1.34741868284762,-1.54017410149581,-1.17609698956871,"Sanchez (D CA-38)",36,"Linda","Sanchez"
"MA","1","D","M","N000015","15616",73,-1.33451900054305,-1.53097475529731,-1.13907679658365,"Neal (D MA-1)",37,"Richard","Neal"
"NY","14","D","M","C001038","29925",31,-1.32045564773054,-1.52224212422276,-1.14096411022437,"Crowley (D NY-14)",38,"Joseph","Crowley"
"CA","6","D","F","M001163","20538",28,-1.31836332105058,-1.50153113105625,-1.14301623940251,"Matsui (D CA-6)",39,"Doris","Matsui"
"CA","43","D","F","W000187","29106",86,-1.31475993160937,-1.50223883208264,-1.13641340803168,"Waters (D CA-43)",40,"Maxine","Waters"
"MA","4","D","M","K000379", ,19,-1.310601222269,-1.48808765789153,-1.13387678783294,"Kennedy III (D MA-4)",41,"Joseph","Kennedy III"
"RI","1","D","M","C001084", ,31,-1.29975401296796,-1.47759877474725,-1.12499643215632,"Cicilline (D RI-1)",42,"David","Cicilline"
"AZ","3","D","M","G000551","20305",115,-1.29896922991076,-1.48129137591845,-1.11614048177483,"Grijalva (D AZ-3)",43,"Raúl","Grijalva"
"CA","41","D","M","T000472", ,6,-1.29338903106794,-1.47749346775633,-1.11298967763238,"Takano (D CA-41)",44,"Mark","Takano"
"CO","1","D","F","D000197","29710",69,-1.29013311951084,-1.47480522837764,-1.10522548191658,"DeGette (D CO-1)",45,"Diana","DeGette"
"CA","11","D","M","M000725","14256",105,-1.2858337218838,-1.46401781724363,-1.09786513450333,"Miller (D CA-11)",46,"George","Miller"
"CA","14","D","F","S001175", ,82,-1.27606378409376,-1.45485627766581,-1.09173674062521,"Speier (D CA-14)",47,"Jackie","Speier"
"PA","2","D","M","F000043","29559",43,-1.27500513220032,-1.44566424624828,-1.09578921991723,"Fattah (D PA-2)",48,"Chaka","Fattah"
"CA","44","D","F","H001063", ,8,-1.26402296858649,-1.43210911580683,-1.09283431292072,"Hahn (D CA-44)",49,"Janice","Hahn"
"NY","20","D","M","T000469", ,7,-1.26054159818964,-1.43705856786786,-1.09042170940622,"Tonko (D NY-20)",50,"Paul","Tonko"
"IL","4","D","M","G000535","29348",204,-1.25837046677688,-1.43623184440138,-1.07806463242027,"Gutierrez (D IL-4)",51,"Luis","Gutierrez"
"IL","7","D","M","D000096","29717",77,-1.25637300518885,-1.43787868692315,-1.07629790583463,"Davis (D IL-7)",52,"Danny","Davis"
"MD","8","D","M","V000128","20330",18,-1.24772941837149,-1.42997521956168,-1.08019162316094,"Van Hollen (D MD-8)",53,"Chris","Van Hollen"
"OR","1","D","F","B001278", ,5,-1.24621436343889,-1.42112409332042,-1.08636727026714,"Bonamici (D OR-1)",54,"Suzanne","Bonamici"
"IL","2","D","F","K000385","21371",110,-1.24547500244916,-1.41930964276087,-1.07122372668603,"Kelly (D IL-2)",55,"Robin","Kelly"
"CA","2","D","M","H001068", ,36,-1.24533662640122,-1.4214555211161,-1.07735359015164,"Huffman (D CA-2)",56,"Jared","Huffman"
"OH","3","D","F","B001281", ,26,-1.2420679171404,-1.42801265908983,-1.08184877257055,"Beatty (D OH-3)",57,"Joyce","Beatty"
"FL","14","D","F","C001066","20708",54,-1.23972640178541,-1.40547602621204,-1.05513691181896,"Castor (D FL-14)",58,"Kathy","Castor"
"OR","3","D","M","B000574","29588",58,-1.23824915816856,-1.40166668177611,-1.06082927550904,"Blumenauer (D OR-3)",59,"Earl","Blumenauer"
"NC","12","D","M","W000207","29383",488,-1.23668542517395,-1.44498819829429,-1.03267106510832,"Watt (D NC-12)",60,"Melvin","Watt"
"MA","7","D","M","C001037","29919",46,-1.23659649016314,-1.39994563779579,-1.07949166062734,"Capuano (D MA-7)",61,"Michael","Capuano"
"OH","11","D","F","F000455", ,64,-1.22254445605642,-1.38648574532033,-1.05533566928192,"Fudge (D OH-11)",62,"Marcia","Fudge"
"TN","9","D","M","C001068","20748",28,-1.21316442462062,-1.36293358455244,-1.04935957272362,"Cohen (D TN-9)",63,"Steve","Cohen"
"CT","3","D","F","D000216","29109",44,-1.20335329840284,-1.38368686334213,-1.04181892317855,"DeLauro (D CT-3)",64,"Rosa","DeLauro"
"NY","5","D","M","M001137","29776",83,-1.18536028761059,-1.35039918166313,-1.02633143653774,"Meeks (D NY-5)",65,"Gregory","Meeks"
"PA","17","D","M","C001090", ,9,-1.17786464286286,-1.33891752567751,-1.01772656686828,"Cartwright (D PA-17)",66,"Matt","Cartwright"
"VT","1","D","M","W000800","20750",19,-1.17762532515829,-1.34281720422555,-1.02703613806672,"Welch (D VT-1)",67,"Peter","Welch"
"NY","26","D","M","H001038","20519",69,-1.17741027647655,-1.33644141140638,-1.0159950444744,"Higgins (D NY-26)",68,"Brian","Higgins"
"GA","4","D","M","J000288","20712",66,-1.1764368611019,-1.33276221237011,-1.01539134070803,"Johnson (D GA-4)",69,"Hank","Johnson"
"CA","18","D","F","E000215","29312",33,-1.17382759551696,-1.33720339754794,-1.0131159993964,"Eshoo (D CA-18)",70,"Anna","Eshoo"
"PA","1","D","M","B001227","29777",23,-1.1721751450102,-1.32673272976727,-1.00159219874271,"Brady (D PA-1)",71,"Robert","Brady"
"MA","3","D","F","T000465","20754",55,-1.17083235630198,-1.33335660876006,-1.02435722315344,"Tsongas (D MA-3)",72,"Niki","Tsongas"
"NJ","8","D","M","S001165","20542",90,-1.16561231971823,-1.33191315091814,-1.01070713438501,"Sires (D NJ-8)",73,"Albio","Sires"
"MI","5","D","M","K000380", ,7,-1.16471871234869,-1.32340772038826,-1.011478901653,"Kildee (D MI-5)",74,"Dan","Kildee"
"MI","9","D","M","L000263","15033",6,-1.15633596526705,-1.30364186982639,-0.99394231784265,"Levin (D MI-9)",75,"Sander","Levin"
"NJ","9","D","M","P000096","29741",36,-1.15492107560743,-1.31309643798812,-0.993854678297528,"Pascrell Jr. (D NJ-9)",76,"Bill","Pascrell Jr."
"CA","28","D","M","S001150","20104",17,-1.1524678081681,-1.31355762782996,-0.999879639692739,"Schiff (D CA-28)",77,"Adam","Schiff"
"KY","3","D","M","Y000062","20723",50,-1.15209920074948,-1.30194001299811,-0.996665873422678,"Yarmuth (D KY-3)",78,"John","Yarmuth"
"FL","22","D","F","F000462", ,37,-1.15121886352842,-1.32269528134293,-1.00644562861499,"Frankel (D FL-22)",79,"Lois","Frankel"
"NY","25","D","F","S000480","15444",101,-1.14988962519799,-1.31701300323973,-1.0048575256659,"Slaughter (D NY-25)",80,"Louise","Slaughter"
"FL","21","D","M","D000610", ,47,-1.14284483415643,-1.30321245995729,-0.988180324456133,"Deutch (D FL-21)",81,"Ted","Deutch"
"IL","1","D","M","R000515","29346",453,-1.14277105318916,-1.31933755870359,-0.964388504955597,"Rush (D IL-1)",82,"Bobby","Rush"
"CA","53","D","F","D000598","20108",28,-1.13283693658835,-1.29161788214871,-0.978386050449682,"Davis (D CA-53)",83,"Susan","Davis"
"PA","14","D","M","D000482","29561",57,-1.13280359782632,-1.2950864288519,-0.982851228795172,"Doyle (D PA-14)",84,"Mike","Doyle"
"NY","16","D","M","E000179","15603",53,-1.12907511262165,-1.27587302355936,-0.964587361679959,"Engel (D NY-16)",85,"Eliot","Engel"
"CA","5","D","M","T000460","29901",20,-1.12672639924374,-1.28144380621463,-0.979657351633954,"Thompson (D CA-5)",86,"Mike","Thompson"
"VA","3","D","M","S000185","39307",17,-1.12656607099108,-1.28261669497239,-0.982303845963888,"Scott (D VA-3)",87,"Robert","Scott"
"NC","4","D","M","P000523","15438",5,-1.12329289923472,-1.26534216110774,-0.953811889450151,"Price (D NC-4)",88,"David","Price"
"NY","13","D","M","R000053","13035",193,-1.12249946208046,-1.28950229505966,-0.970124934512165,"Rangel (D NY-13)",89,"Charles","Rangel"
"MO","1","D","M","C001049","20147",68,-1.10646980359321,-1.26779122217252,-0.952217274735789,"Clay (D MO-1)",90,"William","Clay"
"TX","30","D","F","J000126","39305",31,-1.09258340215162,-1.23573405844545,-0.953905746546003,"Johnson (D TX-30)",91,"Eddie","Johnson"
"MO","5","D","M","C001061","20517",113,-1.08740299529966,-1.24266832826215,-0.948614469619638,"Cleaver II (D MO-5)",92,"Emanuel","Cleaver II"
"NY","6","D","F","M001188", ,67,-1.0719499052947,-1.2204917363274,-0.935197833756796,"Meng (D NY-6)",93,"Grace","Meng"
"TX","16","D","M","O000170", ,6,-1.06504460989595,-1.1969941091209,-0.916348096332774,"O'Rourke (D TX-16)",94,"Beto","O'Rourke"
"NY","12","D","F","M000087","21344",46,-1.06347706474314,-1.20893254066779,-0.924068927446808,"Maloney (D NY-12)",95,"Carolyn","Maloney"
"CA","35","D","F","N000187", ,140,-1.04548721295126,-1.19744010414676,-0.904924688338054,"Negrete McLeod (D CA-35)",96,"Gloria","Negrete McLeod"
"IL","5","D","M","Q000023", ,37,-1.04480747195223,-1.19039783603584,-0.904184525876116,"Quigley (D IL-5)",97,"Mike","Quigley"
"CA","24","D","F","C001036","29774",15,-1.04344154558487,-1.17661132298148,-0.89461175338846,"Capps (D CA-24)",98,"Lois","Capps"
"NY","17","D","F","L000480","15612",12,-1.04247500921179,-1.18311093015737,-0.898711740359774,"Lowey (D NY-17)",99,"Nita","Lowey"
"CT","1","D","M","L000557","29908",30,-1.04211907968139,-1.18884658704304,-0.911749847926659,"Larson (D CT-1)",100,"John","Larson"
"FL","5","D","F","B000911","29328",68,-1.0391997157231,-1.18481319418253,-0.89896921406369,"Brown (D FL-5)",101,"Corrine","Brown"
"PA","13","D","F","S001162","20525",215,-1.03412967698586,-1.19489547708858,-0.889462510439551,"Schwartz (D PA-13)",102,"Allyson","Schwartz"
"MA","6","D","M","T000266","29730",29,-1.02655510931246,-1.16608026691008,-0.896696545576767,"Tierney (D MA-6)",103,"John","Tierney"
"TX","35","D","M","D000399","29571",19,-1.02281417138374,-1.15885493048045,-0.875994312140822,"Doggett (D TX-35)",104,"Lloyd","Doggett"
"HI","1","D","F","H001050", ,115,-1.00786888161318,-1.13229362329801,-0.865905453501907,"Hanabusa (D HI-1)",105,"Colleen","Hanabusa"
"MI","12","D","M","D000355","2605",93,-1.00314116499259,-1.14801280658713,-0.871458794234868,"Dingell (D MI-12)",106,"John","Dingell"
"RI","2","D","M","L000559","20136",29,-0.997860058502821,-1.13195535805365,-0.855469425245086,"Langevin (D RI-2)",107,"Jim","Langevin"
"CA","19","D","F","L000397","29504",18,-0.99141793917109,-1.12281990694554,-0.856864407793503,"Lofgren (D CA-19)",108,"Zoe","Lofgren"
"MD","5","D","M","H000874","14873",57,-0.988228648123166,-1.12027905628432,-0.851354275559532,"Hoyer (D MD-5)",109,"Steny","Hoyer"
"FL","9","D","M","G000556", ,31,-0.985719337826609,-1.10889285424833,-0.850491680090296,"Grayson (D FL-9)",110,"Alan","Grayson"
"FL","23","D","F","W000797","20504",85,-0.983063334752641,-1.11117956531459,-0.835163573287926,"Wasserman Schultz (D FL-23)",111,"Debbie","Wasserman Schultz"
"MS","2","D","M","T000193","29368",54,-0.979023060199022,-1.10768203028368,-0.843141429668031,"Thompson (D MS-2)",112,"Bennie","Thompson"
"MN","4","D","F","M001143","20122",36,-0.975902125551309,-1.10767296014128,-0.846877334204415,"McCollum (D MN-4)",113,"Betty","McCollum"
"AZ","7","D","M","P000099","29101",140,-0.975299931492339,-1.1035002774532,-0.847222055839513,"Pastor (D AZ-7)",114,"Ed","Pastor"
"NJ","1","D","M","A000210","29132",407,-0.972074543202615,-1.11854628524075,-0.825530903766846,"Andrews (D NJ-1)",115,"Robert","Andrews"
"NM","3","D","M","L000570", ,17,-0.968985845399219,-1.10038310398994,-0.850476044280439,"Lujan (D NM-3)",116,"Ben","Lujan"
"IN","7","D","M","C001072", ,20,-0.968596083911641,-1.10477082283595,-0.846087709863229,"Carson (D IN-7)",117,"André","Carson"
"WA","9","D","M","S000510","29768",105,-0.967965349814297,-1.09595957568537,-0.832894814820569,"Smith (D WA-9)",118,"Adam","Smith"
"SC","6","D","M","C000537","39301",65,-0.965166016880008,-1.09293471483876,-0.826640915213369,"Clyburn (D SC-6)",119,"James","Clyburn"
"NC","1","D","M","B001251","20340",55,-0.956554568789253,-1.0839199756832,-0.827466521053255,"Butterfield (D NC-1)",120,"G.","Butterfield"
"OH","9","D","F","K000009","15029",44,-0.951875288955611,-1.07490418791461,-0.823317478678633,"Kaptur (D OH-9)",121,"Marcy","Kaptur"
"NY","3","D","M","I000057","20129",20,-0.949535966041005,-1.08380525736563,-0.828401685507777,"Israel (D NY-3)",122,"Steve","Israel"
"TX","18","D","F","J000032","29573",89,-0.948625400591417,-1.07731264602731,-0.814869292228857,"Jackson-Lee (D TX-18)",123,"Sheila","Jackson-Lee"
"CA","15","D","M","S001193", ,9,-0.947319116000757,-1.07301664733335,-0.822779551122026,"Swalwell (D CA-15)",124,"Eric","Swalwell"
"TX","20","D","M","C001091", ,43,-0.943744871349126,-1.07265910016187,-0.813470383866412,"Castro (D TX-20)",125,"Joaquin","Castro"
"NV","1","D","F","T000468", ,7,-0.93330375116686,-1.05801968398596,-0.810245354457065,"Titus (D NV-1)",126,"Dina","Titus"
"WA","10","D","M","H001064", ,45,-0.92479682710599,-1.04791385000903,-0.796631663027101,"Heck (D WA-10)",127,"Denny","Heck"
"CA","51","D","M","V000130", ,26,-0.914483717180983,-1.03335904566379,-0.787920674881175,"Vargas (D CA-51)",128,"Juan","Vargas"
"MA","9","D","M","K000375", ,35,-0.913490156958963,-1.0300793884915,-0.784567890190836,"Keating (D MA-9)",129,"Bill","Keating"
"OR","4","D","M","D000191","15410",32,-0.912060437404361,-1.03734322610768,-0.795740550628399,"DeFazio (D OR-4)",130,"Peter","DeFazio"
"CT","2","D","M","C001069","20706",31,-0.912018642161076,-1.03413325740653,-0.787737983145968,"Courtney (D CT-2)",131,"Joe","Courtney"
"TX","33","D","M","V000131", ,16,-0.904111157987654,-1.02320280141323,-0.786645273493984,"Veasey (D TX-33)",132,"Marc","Veasey"
"VA","8","D","M","M000933","29149",55,-0.892548442910587,-1.00851582739149,-0.777827428802202,"Moran (D VA-8)",133,"James","Moran"
"CA","30","D","M","S000344","29707",14,-0.889169167584462,-1.00894748444669,-0.770935144966148,"Sherman (D CA-30)",134,"Brad","Sherman"
"NV","4","D","M","H001066", ,161,-0.875132036299079,-0.995626117876302,-0.748719720487967,"Horsford (D NV-4)",135,"Steven","Horsford"
"WA","2","D","M","L000560","20145",70,-0.873462788076586,-1.00173296444938,-0.755338923331584,"Larsen (D WA-2)",136,"Rick","Larsen"
"NH","1","D","F","S001170","20731",42,-0.872839996932722,-0.983127092753596,-0.748709251153478,"Shea-Porter (D NH-1)",137,"Carol","Shea-Porter"
"VA","11","D","M","C001078", ,13,-0.871455288202803,-0.983578516271234,-0.750732529351167,"Connolly (D VA-11)",138,"Gerald","Connolly"
"CA","29","D","M","C001097", ,67,-0.870014190739166,-0.987295941804397,-0.761114552377405,"Cardenas (D CA-29)",139,"Tony","Cardenas"
"NY","1","D","M","B001242","20338",10,-0.861170846773032,-0.972191527754549,-0.747632403566175,"Bishop (D NY-1)",140,"Timothy","Bishop"
"IN","1","D","M","V000108","15124",38,-0.859334790633492,-0.980614416710444,-0.75670752860699,"Visclosky (D IN-1)",141,"Peter","Visclosky"
"CT","5","D","F","E000293", ,23,-0.857167225889801,-0.976451259318005,-0.74117715711536,"Esty (D CT-5)",142,"Elizabeth","Esty"
"MN","8","D","M","N000127","14263",27,-0.836875379549899,-0.946603742740599,-0.720261344983946,"Nolan (D MN-8)",143,"Rick","Nolan"
"TX","9","D","M","G000553","20529",71,-0.828072056106229,-0.932173792246472,-0.70831115851755,"Green (D TX-9)",144,"Al","Green"
"MA","8","D","M","L000562","20119",111,-0.824012842474643,-0.930039376611395,-0.711125981775381,"Lynch (D MA-8)",145,"Stephen","Lynch"
"CA","46","D","F","S000030","29709",81,-0.823035656144412,-0.93081219701909,-0.709437549176568,"Sanchez (D CA-46)",146,"Loretta","Sanchez"
"LA","2","D","M","R000588", ,174,-0.822352656375343,-0.938792318765616,-0.711080319836034,"Richmond (D LA-2)",147,"Cedric","Richmond"
"OH","13","D","M","R000577","20343",75,-0.821061526786009,-0.931438671232671,-0.707610133372195,"Ryan (D OH-13)",148,"Tim","Ryan"
"GA","13","D","M","S001157","20321",47,-0.806804887141489,-0.912207496710338,-0.696361685288552,"Scott (D GA-13)",149,"David","Scott"
"DE","1","D","M","C001083", ,71,-0.801561458512933,-0.909039556176497,-0.691184090542513,"Carney (D DE-1)",150,"John","Carney"
"ME","2","D","M","M001149","20328",10,-0.800499530439486,-0.90071146276667,-0.684801128103045,"Michaud (D ME-2)",151,"Michael","Michaud"
"CA","9","D","M","M001166","20702",21,-0.791737358783262,-0.897096549879751,-0.685843820414136,"McNerney (D CA-9)",152,"Jerry","McNerney"
"NM","1","D","F","L000580", ,39,-0.787326373913454,-0.894052101866473,-0.680589872703437,"Lujan Grisham (D NM-1)",153,"Michelle","Lujan Grisham"
"MD","2","D","M","R000576","20329",71,-0.777990573068034,-0.877221468225953,-0.665244343348908,"Ruppersberger (D MD-2)",154,"C.A. Dutch","Ruppersberger"
"WA","6","D","M","K000381", ,18,-0.775972187379151,-0.889203771173567,-0.669223664515591,"Kilmer (D WA-6)",155,"Derek","Kilmer"
"AL","7","D","F","S001185", ,25,-0.762468973086262,-0.865726595376806,-0.65973485844406,"Sewell (D AL-7)",156,"Terri","Sewell"
"CT","4","D","M","H001047", ,23,-0.759703114037633,-0.870422263234503,-0.658291390430253,"Himes (D CT-4)",157,"Jim","Himes"
"NH","2","D","F","K000382", ,16,-0.745758838113474,-0.849124588190767,-0.644935066051011,"Kuster (D NH-2)",158,"Ann","Kuster"
"WI","3","D","M","K000188","29769",36,-0.734911863173436,-0.839632539527917,-0.63354005505232,"Kind (D WI-3)",159,"Ron","Kind"
"TX","15","D","M","H000636","29763",150,-0.734690318495056,-0.84593989574034,-0.638150704481091,"Hinojosa (D TX-15)",160,"Rubén","Hinojosa"
"WA","1","D","F","D000617", ,13,-0.734345238461528,-0.831135316881905,-0.630726147647634,"DelBene (D WA-1)",161,"Suzan","DelBene"
"MD","6","D","M","D000620", ,28,-0.733987568383912,-0.83961414688857,-0.636017533017273,"Delaney (D MD-6)",162,"John","Delaney"
"NY","4","D","F","M000309","29744",668,-0.729566117908355,-0.860531040137945,-0.602776667216431,"McCarthy (D NY-4)",163,"Carolyn","McCarthy"
"CA","3","D","M","G000559", ,23,-0.723186614093344,-0.822494583113914,-0.618998729860348,"Garamendi (D CA-3)",164,"John","Garamendi"
"CA","26","D","F","B001285", ,8,-0.715135635060201,-0.813375290133601,-0.610690694670087,"Brownley (D CA-26)",165,"Julia","Brownley"
"IA","1","D","M","B001259","20719",29,-0.699816555246109,-0.79689181966173,-0.599832707865428,"Braley (D IA-1)",166,"Bruce","Braley"
"HI","2","D","F","G000571", ,49,-0.694858207655661,-0.791757973998808,-0.592283739668828,"Gabbard (D HI-2)",167,"Tulsi","Gabbard"
"IL","8","D","F","D000622", ,33,-0.672958370329202,-0.770618945021375,-0.580447716140577,"Duckworth (D IL-8)",168,"Tammy","Duckworth"
"CO","2","D","M","P000598", ,109,-0.652489907575151,-0.75868558350883,-0.562726510342743,"Polis (D CO-2)",169,"Jared","Polis"
"IA","2","D","M","L000565","20720",16,-0.650289138198294,-0.74041559116015,-0.554587292350886,"Loebsack (D IA-2)",170,"Dave","Loebsack"
"CO","7","D","M","P000593","20705",63,-0.647733759467184,-0.740748576438938,-0.558539336050882,"Perlmutter (D CO-7)",171,"Ed","Perlmutter"
"MN","1","D","M","W000799","20726",30,-0.635399939624479,-0.732724800662612,-0.545612538038189,"Walz (D MN-1)",172,"Tim","Walz"
"IL","11","D","M","F000454", ,16,-0.628427295420342,-0.72234717969999,-0.53730870299041,"Foster (D IL-11)",173,"Bill","Foster"
"MI","14","D","M","P000595", ,42,-0.610888239994747,-0.698972472821248,-0.520911219234172,"Peters (D MI-14)",174,"Gary","Peters"
"CA","7","D","M","B001287", ,9,-0.556249075208918,-0.646603731227806,-0.473781388963225,"Bera (D CA-7)",175,"Ami","Bera"
"IL","12","D","M","E000292", ,31,-0.55587039637887,-0.638826860230394,-0.467742069862569,"Enyart (D IL-12)",176,"Bill","Enyart"
"IL","10","D","M","S001190", ,26,-0.552379447164864,-0.640819233863946,-0.466435103373117,"Schneider (D IL-10)",177,"Brad","Schneider"
"AZ","1","D","F","K000368", ,91,-0.538058454617024,-0.62265972003692,-0.451936189203491,"Kirkpatrick (D AZ-1)",178,"Ann","Kirkpatrick"
"IL","17","D","F","B001286", ,23,-0.536631731761255,-0.622832656369847,-0.450793283833556,"Bustos (D IL-17)",179,"Cheri","Bustos"
"TN","5","D","M","C000754","15019",21,-0.506939262440658,-0.592307649058985,-0.422523022221909,"Cooper (D TN-5)",180,"Jim","Cooper"
"FL","26","D","M","G000573", ,42,-0.497540166374777,-0.581721552832724,-0.415775092535036,"Garcia (D FL-26)",181,"Joe","Garcia"
"CA","36","D","M","R000599", ,33,-0.493105711333613,-0.576872753219311,-0.40597788609918,"Ruiz (D CA-36)",182,"Raul","Ruiz"
"TX","34","D","M","V000132", ,34,-0.480057454619968,-0.556707197842179,-0.39583315232554,"Vela (D TX-34)",183,"Filemon","Vela"
"TX","29","D","M","G000410","39304",47,-0.473152234200154,-0.550389211072721,-0.385837334788924,"Green (D TX-29)",184,"Gene","Green"
"IL","3","D","M","L000563","20508",35,-0.468941086597019,-0.554342781486373,-0.387390707121766,"Lipinski (D IL-3)",185,"Daniel","Lipinski"
"NY","18","D","M","M001185", ,19,-0.465586846816546,-0.541415955993342,-0.3800825153742,"Maloney (D NY-18)",186,"Sean","Maloney"
"GA","2","D","M","B000490","29339",74,-0.446251594075651,-0.523697425136122,-0.369082586918959,"Bishop Jr. (D GA-2)",187,"Sanford","Bishop Jr."
"CA","52","D","M","P000608", ,15,-0.442114535672852,-0.522233301760635,-0.364056479567261,"Peters (D CA-52)",188,"Scott","Peters"
"OR","5","D","M","S001180", ,16,-0.411073478294249,-0.486306159957719,-0.331421355358604,"Schrader (D OR-5)",189,"Kurt","Schrader"
"NY","24","D","M","M001171", ,13,-0.396951541796144,-0.471528383373843,-0.322458720043352,"Maffei (D NY-24)",190,"Dan","Maffei"
"FL","18","D","M","M001191", ,20,-0.373046078964414,-0.444457186274116,-0.291553779876446,"Murphy (D FL-18)",191,"Patrick","Murphy"
"TX","23","D","M","G000572", ,21,-0.363089144829906,-0.439277182174131,-0.289601544192123,"Gallego (D TX-23)",192,"Pete","Gallego"
"AZ","9","D","F","S001191", ,34,-0.340658709644793,-0.412277233347875,-0.263637313255444,"Sinema (D AZ-9)",193,"Kyrsten","Sinema"
"TX","28","D","M","C001063","20533",6,-0.30813072928308,-0.383034784790413,-0.240492169872803,"Cuellar (D TX-28)",194,"Henry","Cuellar"
"WV","3","D","M","R000011","14448",14,-0.287391638545737,-0.359370807466608,-0.21662505760269,"Rahall II (D WV-3)",195,"Nick","Rahall II"
"NY","21","D","M","O000169", ,49,-0.277474517497263,-0.344974725779959,-0.204616827336945,"Owens (D NY-21)",196,"Bill","Owens"
"CA","16","D","M","C001059","20501",62,-0.267014959269976,-0.334649604234965,-0.198895636840417,"Costa (D CA-16)",197,"Jim","Costa"
"AZ","2","D","M","B001279", ,31,-0.25551796089396,-0.327481445947536,-0.192181814163544,"Barber (D AZ-2)",198,"Ron","Barber"
"GA","12","D","M","B001252","20507",3,-0.153500775906645,-0.217379391956327,-0.0831690248549048,"Barrow (D GA-12)",199,"John","Barrow"
"MN","7","D","M","P000258","29127",8,-0.144879390019259,-0.20637181369564,-0.0717144504615874,"Peterson (D MN-7)",200,"Collin","Peterson"
"NC","7","D","M","M000485","29746",52,-0.121182619324362,-0.188113780338749,-0.0550976554755265,"McIntyre (D NC-7)",201,"Mike","McIntyre"
"UT","4","D","M","M001142","20140",8,-0.0965288436055691,-0.165028587956381,-0.0298419797026127,"Matheson (D UT-4)",202,"Jim","Matheson"
"NY","19","R","M","G000564", ,13,0.188423006005813,0.127377913567409,0.254522800319962,"Gibson (R NY-19)",203,"Chris","Gibson"
"NC","3","R","M","J000255","29546",98,0.227920975165637,0.166679403070841,0.294344172060665,"Jones (R NC-3)",204,"Walter","Jones"
"PA","8","R","M","F000451","20524",26,0.337614788908501,0.268080561875337,0.41010774388464,"Fitzpatrick (R PA-8)",205,"Michael","Fitzpatrick"
"NJ","2","R","M","L000554","29539",7,0.367391582789557,0.296119664573163,0.442669976898466,"LoBiondo (R NJ-2)",206,"Frank","LoBiondo"
"NY","22","R","M","H001051", ,92,0.391174686932775,0.314341135200042,0.462973227707925,"Hanna (R NY-22)",207,"Richard","Hanna"
"NY","2","R","M","K000210","29375",26,0.408593972869179,0.330606814355613,0.483275172639632,"King (R NY-2)",208,"Peter","King"
"NY","11","R","M","G000569", ,89,0.412497587781174,0.333574983574891,0.481695683283895,"Grimm (R NY-11)",209,"Mike","Grimm"
"NJ","3","R","M","R000594", ,73,0.435401049624289,0.356378377532665,0.510641345641856,"Runyan (R NJ-3)",210,"Jon","Runyan"
"NJ","4","R","M","S000522","14863",28,0.441548989318725,0.3610110520782,0.52014334263214,"Smith (R NJ-4)",211,"Christopher","Smith"
"WA","8","R","M","R000578","20536",8,0.455243376299724,0.375797136287027,0.536611590774647,"Reichert (R WA-8)",212,"Dave","Reichert"
"FL","13","R","M","J000296","",765,0.457781494061733,0.355361182064933,0.559229886315125,"Jolly (R FL-13)",213,"David","Jolly"
"PA","15","R","M","D000604","20526",8,0.490237602306802,0.410000386205291,0.573519419263488,"Dent (R PA-15)",214,"Charlie","Dent"
"AK","1","R","M","Y000033","14066",96,0.493210022847125,0.409434204796426,0.573539725382671,"Young (R AK-1)",215,"Don","Young"
"PA","7","R","M","M001181", ,10,0.501652744885181,0.42256446446901,0.584553154963078,"Meehan (R PA-7)",216,"Pat","Meehan"
"VA","10","R","M","W000672","14869",25,0.504497643890137,0.418822404862316,0.586695415513699,"Wolf (R VA-10)",217,"Frank","Wolf"
"PA","6","R","M","G000549","20345",28,0.512867904903287,0.427022189701305,0.59668681657774,"Gerlach (R PA-6)",218,"Jim","Gerlach"
"FL","27","R","F","R000435","15634",72,0.515554947385708,0.424943375118561,0.599609672921334,"Ros-Lehtinen (R FL-27)",219,"Ileana","Ros-Lehtinen"
"FL","25","R","M","D000600","20316",67,0.517037761817869,0.438525552265452,0.611917682173947,"Diaz-Balart (R FL-25)",220,"Mario","Diaz-Balart"
"NY","23","R","M","R000585", ,48,0.518733827428637,0.434371069840216,0.604057582183091,"Reed (R NY-23)",221,"Tom","Reed"
"NV","3","R","M","H001055", ,13,0.519895600748987,0.439615684683927,0.607210047120564,"Heck (R NV-3)",222,"Joe","Heck"
"OH","14","R","M","J000295", ,21,0.526168756047554,0.441428480742836,0.611512584988652,"Joyce (R OH-14)",223,"Dave","Joyce"
"CA","21","R","M","V000129", ,9,0.538073865747684,0.443977361023186,0.616973415502946,"Valadao (R CA-21)",224,"David","Valadao"
"WA","3","R","F","H001056", ,320,0.539334375600139,0.44286356837145,0.62742986592081,"Herrera Beutler (R WA-3)",225,"Jaime","Herrera Beutler"
"NJ","11","R","M","F000372","29541",13,0.539467438834184,0.452928286304752,0.625177832971685,"Frelinghuysen (R NJ-11)",226,"Rodney","Frelinghuysen"
"NE","1","R","M","F000449","20518",39,0.547018734261397,0.460937427227574,0.630437758527704,"Fortenberry (R NE-1)",227,"Jeff","Fortenberry"
"TN","2","R","M","D000533","15455",14,0.559464385142081,0.47621982223179,0.642644229246073,"Duncan Jr. (R TN-2)",228,"John","Duncan Jr."
"OH","10","R","M","T000463","20342",11,0.560077899906573,0.470277183363184,0.648169877056047,"Turner (R OH-10)",229,"Michael","Turner"
"IA","3","R","M","L000111","29522",12,0.575988914618215,0.489611049776192,0.672165913396784,"Latham (R IA-3)",230,"Tom","Latham"
"WV","1","R","M","M001180", ,3,0.578516466026164,0.496066717431863,0.671103333135984,"McKinley (R WV-1)",231,"David","McKinley"
"IL","15","R","M","S000364","29718",70,0.582850906877034,0.485606048611006,0.66970542251464,"Shimkus (R IL-15)",232,"John","Shimkus"
"NJ","7","R","M","L000567", ,3,0.584979227956439,0.501769571598117,0.676463555582644,"Lance (R NJ-7)",233,"Leonard","Lance"
"CA","10","R","M","D000612", ,15,0.586491635359288,0.495573970026925,0.676994790610061,"Denham (R CA-10)",234,"Jeffrey","Denham"
"PA","5","R","M","T000467", ,22,0.588935747737134,0.497156810011878,0.675918233543034,"Thompson (R PA-5)",235,"Glenn","Thompson"
"IL","13","R","M","D000619", ,26,0.592230517335973,0.508216849382851,0.684784194054389,"Davis (R IL-13)",236,"Rodney","Davis"
"WV","2","R","F","C001047","20146",50,0.596213661524235,0.508885353592331,0.690328045648963,"Capito (R WV-2)",237,"Shelley","Capito"
"PA","11","R","M","B001269", ,25,0.598661737655286,0.50919982353635,0.693915545174841,"Barletta (R PA-11)",238,"Lou","Barletta"
"LA","5","R","M","A000361","90327",621,0.616490219661181,0.499277942563555,0.728861953914681,"Alexander (R LA-5)",239,"Rodney","Alexander"
"IL","16","R","M","K000378", ,7,0.622007686168495,0.529488421124315,0.71408101049456,"Kinzinger (R IL-16)",240,"Adam","Kinzinger"
"MO","8","R","F","E000172","29736",1086,0.62644056102752,0.187246797198649,1.16024732451258,"Emerson (R MO-8)",241,"Jo Ann","Emerson"
"FL","4","R","M","C001045","20111",34,0.627266542270258,0.530481598367371,0.718354989957704,"Crenshaw (R FL-4)",242,"Ander","Crenshaw"
"OK","4","R","M","C001053","20344",52,0.630005827572037,0.536010473425552,0.722050567528886,"Cole (R OK-4)",243,"Tom","Cole"
"IL","18","R","M","S001179", ,53,0.635123947333506,0.538731080490857,0.737130309605456,"Schock (R IL-18)",244,"Aaron","Schock"
"KY","5","R","M","R000395","14854",41,0.636476434098067,0.534272073005863,0.726912247497872,"Rogers (R KY-5)",245,"Harold","Rogers"
"ID","2","R","M","S001148","29910",29,0.641674329859075,0.547387984129356,0.734410075008939,"Simpson (R ID-2)",246,"Mike","Simpson"
"CA","25","R","M","M000508","29315",35,0.644403442649556,0.549694933968636,0.740235988424463,"McKeon (R CA-25)",247,"Howard","McKeon"
"OH","15","R","M","S001187", ,31,0.650326900002957,0.55653112126382,0.746493990775543,"Stivers (R OH-15)",248,"Steve","Stivers"
"VA","9","R","M","G000568", ,12,0.653250489975509,0.557634160705461,0.743007501195025,"Griffith (R VA-9)",249,"Morgan","Griffith"
"CA","42","R","M","C000059","29323",17,0.656288091246279,0.55307628865582,0.746865887511798,"Calvert (R CA-42)",250,"Ken","Calvert"
"OH","8","R","M","B000589","15806",1073,0.658230749959475,0.391622056153304,0.966481691558779,"Boehner (R OH-8)",251,"John","Boehner"
"CA","31","R","M","M001139","29905",356,0.6586201714935,0.550747732620142,0.766292183558392,"Miller (R CA-31)",252,"Gary","Miller"
"MI","3","R","M","A000367", ,4,0.661328167236796,0.5700000126754,0.750868243774477,"Amash (R MI-3)",253,"Justin","Amash"
"OR","2","R","M","W000791","29932",15,0.673654556129641,0.576956508668582,0.769390934896493,"Walden (R OR-2)",254,"Greg","Walden"
"WA","4","R","M","H000329","29580",23,0.675171483857732,0.584461878979541,0.776648620933762,"Hastings (R WA-4)",255,"Doc","Hastings"
"KY","1","R","M","W000413","29525",45,0.68181993412924,0.576017914668474,0.77111778923094,"Whitfield (R KY-1)",256,"Edward","Whitfield"
"AL","6","R","M","B000013","29301",25,0.68420742908747,0.588219075254698,0.780887358824336,"Bachus (R AL-6)",257,"Spencer","Bachus"
"NE","2","R","M","T000459","29921",10,0.685811508530408,0.592583906208982,0.78231855342002,"Terry (R NE-2)",258,"Lee","Terry"
"FL","13","R","M","Y000031","13047",725,0.688666261080415,0.55211202249977,0.836712886497481,"Young (R FL-13)",259,"C. W. Bill","Young"
"OK","3","R","M","L000491","29393",23,0.690896485432103,0.588223700413161,0.785956905975793,"Lucas (R OK-3)",260,"Frank","Lucas"
"MI","6","R","M","U000031","15446",23,0.693075330938894,0.601625823320005,0.796463527820564,"Upton (R MI-6)",261,"Fred","Upton"
"AL","2","R","F","R000591", ,13,0.696521829886592,0.597105999722882,0.797736675000795,"Roby (R AL-2)",262,"Martha","Roby"
"MS","3","R","M","H001045", ,25,0.701238752568499,0.599766242196543,0.796299756495338,"Harper (R MS-3)",263,"Gregg","Harper"
"GA","10","R","M","B001262","20753",37,0.705289539328368,0.613596252853459,0.801885347857272,"Broun (R GA-10)",264,"Paul","Broun"
"ND","1","R","M","C001096", ,63,0.705733579675545,0.606189047682984,0.804735338153981,"Cramer (R ND-1)",265,"Kevin","Cramer"
"FL","8","R","M","P000599", ,8,0.70778035470346,0.612633920929173,0.802565269924477,"Posey (R FL-8)",266,"Bill","Posey"
"CO","6","R","M","C001077", ,10,0.707844666051475,0.609489183405334,0.806613197662027,"Coffman (R CO-6)",267,"Mike","Coffman"
"OH","16","R","M","R000586", ,10,0.708947262388622,0.615337555187628,0.815477894414714,"Renacci (R OH-16)",268,"Jim","Renacci"
"AR","1","R","M","C001087", ,83,0.710320459860359,0.612412427936757,0.810498498245647,"Crawford (R AR-1)",269,"Rick","Crawford"
"PA","10","R","M","M001179", ,21,0.712424491900521,0.614291998239349,0.815044795374806,"Marino (R PA-10)",270,"Tom","Marino"
"PA","18","R","M","M001151","20346",16,0.717749113232453,0.619348388358497,0.81752327167506,"Murphy (R PA-18)",271,"Tim","Murphy"
"SC","1","R","M","S000051","29565",163,0.720274233659637,0.62598065620044,0.822910897006424,"Sanford (R SC-1)",272,"Mark","Sanford"
"AR","3","R","M","W000809", ,3,0.726532235444793,0.62278720034338,0.823274894114304,"Womack (R AR-3)",273,"Steve","Womack"
"MI","1","R","M","B001271", ,38,0.727213027075214,0.624047849191483,0.828203256538052,"Benishek (R MI-1)",274,"Dan","Benishek"
"KY","4","R","M","M001184", ,5,0.72816357340475,0.633509216403519,0.824579066860119,"Massie (R KY-4)",275,"Thomas","Massie"
"VA","4","R","M","F000445","20143",26,0.728866456181527,0.623423076480795,0.824742402417894,"Forbes (R VA-4)",276,"J.","Forbes"
"AL","1","R","M","B001244","20300",685,0.729107902647496,0.596187150191822,0.862041472129127,"Bonner (R AL-1)",277,"Jo","Bonner"
"FL","17","R","M","R000583", ,22,0.730714349899971,0.633702159719274,0.830534697559279,"Rooney (R FL-17)",278,"Tom","Rooney"
"NV","2","R","M","A000369", ,99,0.734522578850323,0.625089068397,0.830067088862628,"Amodei (R NV-2)",279,"Mark","Amodei"
"CA","22","R","M","N000181","20307",31,0.737342536399491,0.638965139439278,0.834330468492482,"Nunes (R CA-22)",280,"Devin","Nunes"
"OH","12","R","M","T000462","20130",32,0.74108660235278,0.633328169945643,0.833887528886786,"Tiberi (R OH-12)",281,"Pat","Tiberi"
"PA","3","R","M","K000376", ,8,0.742872737618243,0.640566745366756,0.845533826284598,"Kelly (R PA-3)",282,"Mike","Kelly"
"FL","16","R","M","B001260","20709",51,0.744817698336855,0.647204721907888,0.853368282257364,"Buchanan (R FL-16)",283,"Vern","Buchanan"
"VA","2","R","M","R000589", ,19,0.746846387841608,0.64551455467374,0.846853092828533,"Rigell (R VA-2)",284,"Scott","Rigell"
"PA","9","R","M","S001154","20134",53,0.748795888766342,0.642465717501634,0.850723760446195,"Shuster (R PA-9)",285,"Bill","Shuster"
"CA","48","R","M","R000409","15621",90,0.750429958630515,0.657836667670289,0.856628012507745,"Rohrabacher (R CA-48)",286,"Dana","Rohrabacher"
"NY","27","R","M","C001092", ,26,0.750597872129854,0.646111245092301,0.851403009826136,"Collins (R NY-27)",287,"Chris","Collins"
"NC","2","R","F","E000291", ,21,0.75233386083722,0.659563432042397,0.866037066034468,"Ellmers (R NC-2)",288,"Renee","Ellmers"
"AR","2","R","M","G000567", ,28,0.760076962776086,0.661763044494998,0.870933131869699,"Griffin (R AR-2)",289,"Tim","Griffin"
"AL","4","R","M","A000055","29701",92,0.76450976715632,0.65489490121651,0.871298309430013,"Aderholt (R AL-4)",290,"Robert","Aderholt"
"WI","6","R","M","P000265","14675",9,0.767061994019838,0.664659442013742,0.864390110229467,"Petri (R WI-6)",291,"Tom","Petri"
"CO","4","R","M","G000562", ,22,0.767401383868448,0.666687200263671,0.874274674488945,"Gardner (R CO-4)",292,"Cory","Gardner"
"FL","10","R","M","W000806", ,42,0.771953105943873,0.669244542096317,0.878130563373114,"Webster (R FL-10)",293,"Daniel","Webster"
"TX","7","R","M","C001048","20139",120,0.777193631652876,0.674345463744085,0.88445685569032,"Culberson (R TX-7)",294,"John","Culberson"
"LA","5","R","M","M001192","",657,0.780860172618492,0.647455707402775,0.910241246180341,"McAllister (R LA-5)",295,"Vance","McAllister"
"MI","8","R","M","R000572","20120",80,0.78222113526261,0.675349412383533,0.888520271490195,"Rogers (R MI-8)",296,"Mike","Rogers"
"LA","6","R","M","C001075", ,42,0.786118474837276,0.681611033267062,0.889392724087482,"Cassidy (R LA-6)",297,"Bill","Cassidy"
"SD","1","R","F","N000184", ,58,0.788823397196241,0.686167057035526,0.898006228970962,"Noem (R SD-1)",298,"Kristi","Noem"
"MI","4","R","M","C000071","29124",18,0.789178112595893,0.675191230491615,0.890772343852854,"Camp (R MI-4)",299,"Dave","Camp"
"CO","3","R","M","T000470", ,36,0.791813270755335,0.686063127633917,0.902611526095817,"Tipton (R CO-3)",300,"Scott","Tipton"
"CA","23","R","M","M001165","20703",4,0.794611039469371,0.688853495171907,0.899556030594971,"McCarthy (R CA-23)",301,"Kevin","McCarthy"
"IL","6","R","M","R000580","20715",19,0.79718026947348,0.699476791818294,0.904172868340251,"Roskam (R IL-6)",302,"Peter","Roskam"
"NM","2","R","M","P000588","20337",19,0.79744768735844,0.697109490041835,0.90677568528711,"Pearce (R NM-2)",303,"Steve","Pearce"
"VA","1","R","M","W000804","20756",9,0.799811155618311,0.696756150166296,0.90579132442196,"Wittman (R VA-1)",304,"Robert","Wittman"
"MN","3","R","M","P000594", ,7,0.801282254394291,0.688630856789892,0.896353575900285,"Paulsen (R MN-3)",305,"Erik","Paulsen"
"IN","2","R","F","W000813", ,13,0.810527153184874,0.70418330462094,0.92507546110489,"Walorski (R IN-2)",306,"Jackie","Walorski"
"CA","8","R","M","C001094", ,12,0.813219359715367,0.709317375128059,0.917671101110546,"Cook (R CA-8)",307,"Paul","Cook"
"LA","3","R","M","B001255","20514",10,0.821746965374863,0.720762076877911,0.930261890255298,"Boustany Jr. (R LA-3)",308,"Charles","Boustany Jr."
"IN","5","R","F","B001284", ,10,0.823596670591836,0.714785049865563,0.931067296638488,"Brooks (R IN-5)",309,"Susan","Brooks"
"FL","11","R","M","N000185", ,36,0.824525537278308,0.715350041334924,0.925356965492394,"Nugent (R FL-11)",310,"Richard","Nugent"
"OH","7","R","M","G000563", ,17,0.832060912090725,0.730188511099106,0.94136947422346,"Gibbs (R OH-7)",311,"Bob","Gibbs"
"WA","5","R","F","M001159","20535",52,0.833650928428312,0.730039651586616,0.94318022539149,"McMorris Rodgers (R WA-5)",312,"Cathy","McMorris Rodgers"
"KY","2","R","M","G000558", ,15,0.837225578892028,0.725368057821733,0.945131501345999,"Guthrie (R KY-2)",313,"Brett","Guthrie"
"VA","7","R","M","C001046","20144",75,0.838042640330295,0.728941312494305,0.949377325334201,"Cantor (R VA-7)",314,"Eric","Cantor"
"IN","9","R","M","Y000064", ,16,0.838661049356271,0.732589691068678,0.948998786657275,"Young (R IN-9)",315,"Todd","Young"
"TX","31","R","M","C001051","20356",64,0.8436703374747,0.732509058750418,0.95457150373444,"Carter (R TX-31)",316,"John","Carter"
"FL","12","R","M","B001257", ,24,0.844990245887492,0.732752149599408,0.94916599834129,"Bilirakis (R FL-12)",317,"Gus","Bilirakis"
"TX","36","R", ,"S000937","29570",69,0.847632311937334,0.742415489084451,0.95623639966775,"Stockman (R TX-36)",318,"Steve","Stockman"
"CA","49","R","M","I000056","20107",13,0.851912845264779,0.747043912571905,0.965901116202391,"Issa (R CA-49)",319,"Darrell","Issa"
"IN","8","R","M","B001275", ,17,0.854372114892551,0.739050447600407,0.961875728491753,"Bucshon (R IN-8)",320,"Larry","Bucshon"
"MO","3","R","M","L000569", ,11,0.854513276414079,0.743131428355501,0.959747512836868,"Luetkemeyer (R MO-3)",321,"Blaine","Luetkemeyer"
"UT","2","R","M","S001192", ,32,0.857504022955682,0.7540158990379,0.975250484396635,"Stewart (R UT-2)",322,"Chris","Stewart"
"MT","1","R","M","D000618", ,13,0.859522465253163,0.747043083795408,0.962619221141581,"Daines (R MT-1)",323,"Steve","Daines"
"KY","6","R","M","B001282", ,8,0.862841745670048,0.74980811368556,0.973228186976027,"Barr (R KY-6)",324,"Andy","Barr"
"TX","12","R","F","G000377","29762",55,0.862878489444105,0.758152638754482,0.977893062123663,"Granger (R TX-12)",325,"Kay","Granger"
"OH","6","R","M","J000292", ,4,0.863435625654851,0.755608665778853,0.983629264798544,"Johnson (R OH-6)",326,"Bill","Johnson"
"AL","3","R","M","R000575","20301",32,0.863993275294746,0.753165970987117,0.973973828894549,"Rogers (R AL-3)",327,"Mike","Rogers"
"TX","6","R","M","B000213","15085",56,0.87193437320628,0.762628237088366,0.982149327868755,"Barton (R TX-6)",328,"Joe","Barton"
"MO","6","R","M","G000546","20124",65,0.871945133814265,0.75372018168416,0.977964321890556,"Graves (R MO-6)",329,"Sam","Graves"
"MN","2","R","M","K000363","20333",7,0.875896149140802,0.766818819272952,0.987845877214371,"Kline (R MN-2)",330,"John","Kline"
"TX","4","R","M","H000067","94828",39,0.892183204950832,0.767805208169318,1.00367002583759,"Hall (R TX-4)",331,"Ralph","Hall"
"PA","12","R","M","R000598", ,4,0.89305216257594,0.774956607606119,1.00355724416161,"Rothfus (R PA-12)",332,"Keith","Rothfus"
"MI","10","R","F","M001150","20331",5,0.906004518822284,0.779639455558016,1.01813767341961,"Miller (R MI-10)",333,"Candice","Miller"
"MO","2","R","F","W000812", ,27,0.914083590687774,0.809363603969815,1.04065937615083,"Wagner (R MO-2)",334,"Ann","Wagner"
"MO","4","R","F","H001053", ,66,0.917964632243875,0.797084164340886,1.03983192028843,"Hartzler (R MO-4)",335,"Vicky","Hartzler"
"TX","2","R","M","P000592","20528",49,0.921898203351607,0.803720048468274,1.04147840030725,"Poe (R TX-2)",336,"Ted","Poe"
"TX","27","R","M","F000460", ,7,0.922267337363939,0.802982502417384,1.03114869038317,"Farenthold (R TX-27)",337,"Blake","Farenthold"
"FL","7","R","M","M000689","29331",4,0.92227363274018,0.805323473711044,1.03525006816074,"Mica (R FL-7)",338,"John","Mica"
"TN","1","R","M","R000582", ,15,0.923403610611536,0.808013613964786,1.04372519245351,"Roe (R TN-1)",339,"Phil","Roe"
"AL","5","R","M","B001274", ,15,0.924138831701507,0.815374562503682,1.0383197147083,"Brooks (R AL-5)",340,"Mo","Brooks"
"TN","3","R","M","F000459", ,17,0.927847304259354,0.811705596003258,1.05124115804062,"Fleischmann (R TN-3)",341,"Chuck","Fleischmann"
"KS","2","R","F","J000290", ,6,0.930742797424082,0.820618704230387,1.05317701306602,"Jenkins (R KS-2)",342,"Lynn","Jenkins"
"FL","2","R","M","S001186", ,12,0.935696396687813,0.819902369602892,1.0507939118651,"Southerland (R FL-2)",343,"Steve","Southerland"
"CA","50","R","M","H001048", ,78,0.938896006897644,0.815667637870932,1.06336671026158,"Hunter (R CA-50)",344,"Duncan","Hunter"
"NC","6","R","M","C000556","15092",165,0.940604182356515,0.818100981496372,1.06198317532984,"Coble (R NC-6)",345,"Howard","Coble"
"WI","7","R","M","D000614", ,63,0.94152134561539,0.818453489748314,1.05136340652884,"Duffy (R WI-7)",346,"Sean","Duffy"
"CA","45","R","M","C001064","20539",491,0.942384666857529,0.808515022347047,1.09674823820971,"Campbell (R CA-45)",347,"John","Campbell"
"FL","15","R","M","R000593", ,13,0.94395000041332,0.820523654598823,1.05805708448332,"Ross (R FL-15)",348,"Dennis","Ross"
"TX","26","R","M","B001248","20355",26,0.945097500618107,0.831159867889272,1.06287197540167,"Burgess (R TX-26)",349,"Michael","Burgess"
"KS","1","R","M","H001057", ,23,0.945119572258885,0.830943974633596,1.06468101543428,"Huelskamp (R KS-1)",350,"Tim","Huelskamp"
"WI","5","R","M","S000244","14657",20,0.945786786971476,0.830519739064772,1.06713364265099,"Sensenbrenner (R WI-5)",351,"F.","Sensenbrenner"
"ID","1","R","M","L000573", ,49,0.958922248173043,0.841806925102946,1.08339250538703,"Labrador (R ID-1)",352,"Raul","Labrador"
"MN","6","R","F","B001256","20728",84,0.962733320856985,0.842444999101865,1.08068705890002,"Bachmann (R MN-6)",353,"Michele","Bachmann"
"WY","1","R","F","L000571", ,43,0.963322438752061,0.850823586376671,1.08141889799605,"Lummis (R WY-1)",354,"Cynthia","Lummis"
"IA","4","R","M","K000362","20325",30,0.96465461738046,0.847641261975156,1.08498821858447,"King (R IA-4)",355,"Steve","King"
"MS","1","R","M","N000186", ,223,0.966171605131011,0.837249774676336,1.11745357057266,"Nunnelee (R MS-1)",356,"Alan","Nunnelee"
"TX","1","R","M","G000552","20527",92,0.97066389785427,0.851846659062466,1.08729305846463,"Gohmert (R TX-1)",357,"Louie","Gohmert"
"UT","3","R","M","C001076", ,77,0.972816137196012,0.855615064329589,1.09704798391813,"Chaffetz (R UT-3)",358,"Jason","Chaffetz"
"PA","16","R","M","P000373","29752",21,0.977544874854034,0.856737951806382,1.09669825731908,"Pitts (R PA-16)",359,"Joe","Pitts"
"VA","6","R","M","G000289","39308",17,0.981080446507425,0.861627263705489,1.10781776930718,"Goodlatte (R VA-6)",360,"Robert","Goodlatte"
"KS","3","R","M","Y000063", ,14,0.983487782644764,0.86240322410457,1.10369527892191,"Yoder (R KS-3)",361,"Kevin","Yoder"
"NE","3","R","M","S001172","20729",18,0.987823019914093,0.859671366235428,1.11202225090802,"Smith (R NE-3)",362,"Adrian","Smith"
"FL","19","R","M","R000596", ,498,0.991806817702726,0.831140548275127,1.14324900751116,"Radel (R FL-19)",363,"Trey","Radel"
"IL","14","R","M","H001059", ,16,0.992733162407558,0.870086580326116,1.11866384838407,"Hultgren (R IL-14)",364,"Randy","Hultgren"
"TX","10","R","M","M001157","20530",28,0.993635950374411,0.853916279437258,1.11540760234185,"McCaul (R TX-10)",365,"Michael","McCaul"
"WI","1","R","M","R000570","29939",6,0.99509717746141,0.865995394780253,1.10947384592598,"Ryan (R WI-1)",366,"Paul","Ryan"
"CA","39","R","M","R000487","29321",28,0.995746318739015,0.873489196900374,1.12414914335493,"Royce (R CA-39)",367,"Ed","Royce"
"GA","11","R","M","G000550","20319",122,1.00003301264649,0.878199426545779,1.1319885105951,"Gingrey (R GA-11)",368,"Phil","Gingrey"
"OK","2","R","M","M001190", ,27,1.00559572497783,0.879534247398271,1.12912003541201,"Mullin (R OK-2)",369,"Markwayne","Mullin"
"SC","7","R","M","R000597", ,25,1.00949155376978,0.885978533650325,1.14193884462154,"Rice (R SC-7)",370,"Tom","Rice"
"AZ","4","R","M","G000565", ,161,1.01051488173438,0.881679207254729,1.13537736905139,"Gosar (R AZ-4)",371,"Paul","Gosar"
"CA","4","R","M","M001177", ,13,1.01473300080893,0.890869297144768,1.14477145195924,"McClintock (R CA-4)",372,"Tom","McClintock"
"TX","21","R","M","S000583","15445",24,1.01678052365938,0.884933975383107,1.14367967983697,"Smith (R TX-21)",373,"Lamar","Smith"
"VA","5","R","M","H001060", ,31,1.03108081844281,0.899910011770248,1.16670302711673,"Hurt (R VA-5)",374,"Robert","Hurt"
"FL","3","R","M","Y000065", ,9,1.03771286383875,0.917659403409614,1.16663809610948,"Yoho (R FL-3)",375,"Ted","Yoho"
"OH","2","R","M","W000815", ,15,1.04989852195244,0.922837793676833,1.17908127209623,"Wenstrup (R OH-2)",376,"Brad","Wenstrup"
"GA","7","R","M","W000810", ,16,1.05460177761859,0.93197270719578,1.18376689871898,"Woodall (R GA-7)",377,"Rob","Woodall"
"FL","1","R","M","M001144","20110",58,1.05525485869276,0.921452954090492,1.19164629526448,"Miller (R FL-1)",378,"Jeff","Miller"
"IN","6","R","M","M001189", ,22,1.05556427802285,0.919711900753298,1.18546424259389,"Messer (R IN-6)",379,"Luke","Messer"
"MD","1","R","M","H001052", ,12,1.05843684522222,0.936448083815722,1.20108234208205,"Harris (R MD-1)",380,"Andy","Harris"
"SC","5","R","M","M001182", ,49,1.06019495359094,0.93540469489391,1.19750028142329,"Mulvaney (R SC-5)",381,"Mick","Mulvaney"
"AZ","5","R","M","S000018","29500",39,1.06189364817713,0.927119928581252,1.1916327595001,"Salmon (R AZ-5)",382,"Matt","Salmon"
"PA","4","R","M","P000605", ,10,1.06355681332131,0.925713729686403,1.18617151404054,"Perry (R PA-4)",383,"Scott","Perry"
"NJ","5","R","M","G000548","20336",15,1.07237532410442,0.937480676815044,1.20536052945135,"Garrett (R NJ-5)",384,"Scott","Garrett"
"OH","5","R","M","L000566","20755",6,1.07324026757184,0.931752104904933,1.19878075462608,"Latta (R OH-5)",385,"Robert","Latta"
"MI","11","R","M","B001280", ,9,1.07363497333537,0.942699640597929,1.21771928375037,"Bentivolio (R MI-11)",386,"Kerry","Bentivolio"
"MI","7","R","M","W000798","20725",22,1.07644046069969,0.934357192273868,1.20999199920534,"Walberg (R MI-7)",387,"Tim","Walberg"
"TX","32","R","M","S000250","29759",14,1.08269067783756,0.943428997151924,1.23074306343467,"Sessions (R TX-32)",388,"Pete","Sessions"
"TX","8","R","M","B000755","29760",46,1.08690637712176,0.947395874440533,1.23272346928052,"Brady (R TX-8)",389,"Kevin","Brady"
"GA","8","R","M","S001189", ,20,1.08974593261074,0.958140221031977,1.23749481457906,"Scott (R GA-8)",390,"Austin","Scott"
"TN","8","R","M","F000458", ,56,1.09200032324132,0.96153409821745,1.23749621085679,"Fincher (R TN-8)",391,"Stephen","Fincher"
"OK","5","R","M","L000575", ,115,1.09245646574101,0.952498867018653,1.23461816357716,"Lankford (R OK-5)",392,"James","Lankford"
"TN","4","R","M","D000616", ,97,1.0927273749054,0.946745471328165,1.23925087465559,"DesJarlais (R TN-4)",393,"Scott","DesJarlais"
"NC","11","R","M","M001187", ,15,1.09589425308921,0.967344252513762,1.23837500742973,"Meadows (R NC-11)",394,"Mark","Meadows"
"MO","7","R","M","L000576", ,3,1.10293033771369,0.95701545558801,1.23629523370898,"Long (R MO-7)",395,"Billy","Long"
"NC","10","R","M","M001156","20522",34,1.1035174255548,0.960008462361179,1.23903823019904,"McHenry (R NC-10)",396,"Patrick","McHenry"
"UT","1","R","M","B001250","20357",65,1.1035250204109,0.967610541775708,1.24441259999797,"Bishop (R UT-1)",397,"Rob","Bishop"
"GA","3","R","M","W000796","20506",73,1.10567380043487,0.971005096906374,1.24483639969185,"Westmoreland (R GA-3)",398,"Lynn","Westmoreland"
"AZ","6","R","M","S001183", ,37,1.10636152360235,0.975421299516452,1.26127421937312,"Schweikert (R AZ-6)",399,"David","Schweikert"
"TX","13","R","M","T000238","29572",8,1.10936329338278,0.969639257729376,1.24787521843632,"Thornberry (R TX-13)",400,"William","Thornberry"
"IN","4","R","M","R000592", ,53,1.11343537763342,0.984071348487809,1.26215511666797,"Rokita (R IN-4)",401,"Todd","Rokita"
"OK","1","R","M","B001283", ,12,1.11619454850835,0.974675833558902,1.25077023684285,"Bridenstine (R OK-1)",402,"Jim","Bridenstine"
"FL","19","R","M","C001102","",995,1.12019526764335,0.867526980961337,1.37832164036665,"Clawson (R FL-19)",403,"Curt","Clawson"
"TX","3","R","M","J000174","29143",70,1.12056141703563,0.976411509690748,1.267722597454,"Johnson (R TX-3)",404,"Sam","Johnson"
"TN","6","R","F","B001273", ,18,1.12543396476624,0.985516408879332,1.27544206266711,"Black (R TN-6)",405,"Diane","Black"
"WI","8","R","M","R000587", ,18,1.13048022544857,0.99180346087968,1.27862144802735,"Ribble (R WI-8)",406,"Reid","Ribble"
"NC","9","R","M","P000606", ,49,1.13505660423705,0.996366810536024,1.27510716477737,"Pittenger (R NC-9)",407,"Robert","Pittenger"
"AR","4","R","M","C001095", ,14,1.1368577260967,0.993843378886479,1.27638287728134,"Cotton (R AR-4)",408,"Tom","Cotton"
"CO","5","R","M","L000564","20704",17,1.13956215636862,0.997689230501274,1.28180204012668,"Lamborn (R CO-5)",409,"Doug","Lamborn"
"MS","4","R","M","P000601", ,68,1.1451735121161,1.00202772540534,1.29322174403381,"Palazzo (R MS-4)",410,"Steven","Palazzo"
"CA","1","R","M","L000578", ,27,1.14683952902097,0.992072955987979,1.2774929722625,"LaMalfa (R CA-1)",411,"Doug","LaMalfa"
"NC","5","R","F","F000450","20521",6,1.14845472283098,0.999169901151136,1.29077146046512,"Foxx (R NC-5)",412,"Virginia","Foxx"
"SC","2","R","M","W000795","20138",36,1.15659348969276,1.01009440389776,1.32173319307655,"Wilson (R SC-2)",413,"Joe","Wilson"
"AL","1","R","M","B001289","",672,1.16298990803106,0.96789121066271,1.34892557029266,"Byrne (R AL-1)",414,"Bradley","Byrne"
"TX","22","R","M","O000168", ,29,1.16812158959192,1.0289044264136,1.32589644445287,"Olson (R TX-22)",415,"Pete","Olson"
"TX","11","R","M","C001062","20531",15,1.17446456075072,1.03977821808106,1.3308293872144,"Conaway (R TX-11)",416,"K.","Conaway"
"TX","17","R","M","F000461", ,28,1.18876056207859,1.04396863696686,1.35376887725544,"Flores (R TX-17)",417,"Bill","Flores"
"GA","6","R","M","P000591","20505",12,1.19275671311377,1.0371942845942,1.3473879684583,"Price (R GA-6)",418,"Tom","Price"
"FL","6","R","M","D000621", ,6,1.19755029904471,1.04820785678853,1.35366187184893,"DeSantis (R FL-6)",419,"Ron","DeSantis"
"GA","9","R","M","C001093", ,51,1.2064156488234,1.0502839254931,1.37124387097834,"Collins (R GA-9)",420,"Doug","Collins"
"LA","1","R","M","S001176", ,22,1.21281418889325,1.06573750016799,1.38229935031781,"Scalise (R LA-1)",421,"Steve","Scalise"
"MO","8","R","M","S001195","21373",206,1.22484914887777,1.05039170590518,1.40461939410155,"Smith (R MO-8)",422,"Jason","Smith"
"TX","25","R","M","W000816", ,47,1.23977745031347,1.07712477059269,1.40255592703594,"Williams (R TX-25)",423,"Roger","Williams"
"LA","4","R","M","F000456", ,5,1.24033963342296,1.09556561215946,1.42063162527213,"Fleming (R LA-4)",424,"John","Fleming"
"MI","2","R","M","H001058", ,11,1.24476792562927,1.09142554138498,1.41253627625114,"Huizenga (R MI-2)",425,"Bill","Huizenga"
"TN","7","R","F","B001243","20351",29,1.24594752039831,1.0766181069563,1.41839240565721,"Blackburn (R TN-7)",426,"Marsha","Blackburn"
"GA","1","R","M","K000220","29338",166,1.24833990517019,1.07540462478191,1.42104729913824,"Kingston (R GA-1)",427,"Jack","Kingston"
"OH","4","R","M","J000289","20738",18,1.25927383764569,1.08370949887986,1.41559160421167,"Jordan (R OH-4)",428,"Jim","Jordan"
"GA","14","R","M","G000560", ,19,1.27429945896716,1.12313707907742,1.45191540088708,"Graves (R GA-14)",429,"Tom","Graves"
"TX","24","R","M","M001158","20532",51,1.2759226519375,1.11949633602131,1.44946388008005,"Marchant (R TX-24)",430,"Kenny","Marchant"
"TX","5","R","M","H001036","20352",10,1.28482474546681,1.10247408701035,1.45632786628876,"Hensarling (R TX-5)",431,"Jeb","Hensarling"
"SC","4","R","M","G000566", ,20,1.28556843023033,1.13563767517629,1.46443791908376,"Gowdy (R SC-4)",432,"Trey","Gowdy"
"NC","13","R","M","H001065", ,19,1.30292604491065,1.13106526819509,1.47559388606287,"Holding (R NC-13)",433,"George","Holding"
"IN","3","R","M","S001188", ,36,1.30495154963606,1.1247671023621,1.47534538561478,"Stutzman (R IN-3)",434,"Marlin","Stutzman"
"OH","1","R","M","C000266","29550",4,1.30497268084794,1.1241989111741,1.47067493872348,"Chabot (R OH-1)",435,"Steven","Chabot"
"KS","4","R","M","P000602", ,70,1.33243509827024,1.15669285003524,1.53957798759929,"Pompeo (R KS-4)",436,"Mike","Pompeo"
"NC","8","R","M","H001067", ,24,1.34316574692202,1.16025025674501,1.51021131851046,"Hudson (R NC-8)",437,"Richard","Hudson"
"AZ","8","R","M","F000448","20304",53,1.37448162493125,1.19217025341229,1.56655583366028,"Franks (R AZ-8)",438,"Trent","Franks"
"TX","19","R","M","N000182","20353",12,1.40835503067818,1.2303264062761,1.61265470566689,"Neugebauer (R TX-19)",439,"Randy","Neugebauer"
"SC","3","R","M","D000615", ,4,1.52174314876137,1.32822162929786,1.71951286619568,"Duncan (R SC-3)",440,"Jeffrey","Duncan"
"TX","14","R","M","W000814", ,10,1.57104285759286,1.36781797860704,1.79367155784699,"Weber (R TX-14)",441,"Randy","Weber"
